1,2,3,4,5,6,7,8,9,10,11,12,13,14,15,16,17,18,19,20,21,22,23,24,25,26,27,28,29,30,31,32,33,34,35,36,37,38,39,40
A7,A1,A7,A11,A3,A5,B11,A5,A5,A9,A3,A5,A1,A1,A7,B5,A3,A1,B3,A11,A7,B3,A5,A3,A7,B7,A3,B5,A7,A5,A9,A5,B9,A1,A1,A9,A11,B1,A1,B1
B5,A3,B9,B7,A7,A9,C1,B1,C5,B1,B3,A11,B3,A9,B11,B9,A9,A11,B7,B11,A9,B5,B3,A11,B1,C1,B1,C1,B11,C3,B5,A7,C3,B9,A3,A11,B7,B5,B1,B9
B7,B11,C1,C7,C5,C7,C7,B7,C7,B9,,C1,C1,C3,C3,B11,B9,,C5,C5,C1,C7,B11,C3,B9,C3,C1,C5,C7,,B7,B5,C7,C5,C5,B3,B9,C3,C7,C5
,,,,,,,,,,,,,,,,,,,,,,,,,,,,,,,,,,,,,,,
,,,,,,,,,,,,,,,,,,,,,,,,,,,,,,,,,,,,,,,
,,,,,,,,,,,,,,,,,,,,,,,,,,,,,,,,,,,,,,,
,,,,,,,,,,,,,,,,,,,,,,,,,,,,,,,,,,,,,,,
,,,,,,,,,,,,,,,,,,,,,,,,,,,,,,,,,,,,,,,
,,,,,,,,,,,,,,,,,,,,,,,,,,,,,,,,,,,,,,,
,,,,,,,,,,,,,,,,,,,,,,,,,,,,,,,,,,,,,,,
16x40,RABBIT
